﻿{"cameraMode":{"drawMode":0,"name":"Shaded","section":"Shading Mode"},"sceneLighting":true,"audioPlay":false,"sceneViewState":{"showFog":true,"showMaterialUpdate":false,"showSkybox":true,"showFlares":true,"showImageEffects":true,"showParticleSystems":true},"in2DMode":false,"pivot":{"x":-0.0513845793902874,"y":0.10933112353086472,"z":0.17278440296649934},"rotation":{"x":-0.12024753540754318,"y":-0.8612791299819946,"z":0.24004459381103517,"w":-0.43144312500953677},"size":14.888812065124512,"orthographic":false}