﻿{"cameraMode":{"drawMode":0,"name":"Shaded","section":"Shading Mode"},"sceneLighting":true,"audioPlay":false,"sceneViewState":{"showFog":true,"showMaterialUpdate":false,"showSkybox":true,"showFlares":true,"showImageEffects":true,"showParticleSystems":true},"in2DMode":false,"pivot":{"x":3.97702956199646,"y":3.2258031368255617,"z":5.628757953643799},"rotation":{"x":-0.06750756502151489,"y":0.9305674433708191,"z":-0.2835916578769684,"w":-0.22152063250541688},"size":6.504088401794434,"orthographic":false}