﻿{"cameraMode":{"drawMode":0,"name":"Shaded","section":"Shading Mode"},"sceneLighting":true,"audioPlay":false,"sceneViewState":{"showFog":true,"showMaterialUpdate":false,"showSkybox":true,"showFlares":true,"showImageEffects":true,"showParticleSystems":true},"in2DMode":false,"pivot":{"x":4.011346817016602,"y":10.245299339294434,"z":16.214433670043947},"rotation":{"x":0.1484607756137848,"y":-0.07113755494356156,"z":0.010721305385231972,"w":0.9863299131393433},"size":28.20301055908203,"orthographic":false}